Date,strat_01_momentum_NEE,strat_02_earnings_momentum_NEE,strat_03_value_NEE,strat_04_low_vol_NEE,strat_07_residual_momentum_NEE,strat_08_pairs_trading_NEE_CEG,strat_09_mean_reversion_cluster,strat_10_single_ma_NEE,strat_11_two_ma_NEE,strat_12_three_ma_NEE,strat_13_support_resistance_NEE,strat_14_channel_NEE,strat_17_ml_knn_NEE,strat_18_statarb_optimizacion_NEE
2000-03-31,0.0,0.0,0.0,0.0,0.0,0.0,0.0,0.0,0.0,0.0,0.0,0.0,0.0,0.0
2000-04-30,0.0,0.0,0.0,0.0,0.0,0.0,0.0,0.0,0.0,0.0,0.0,0.0,0.0,0.0
2000-05-31,0.0,0.0,0.0,0.0,0.0,0.0,0.0,0.0,0.0,0.0,0.0,0.0,0.0,0.0
2000-06-30,0.0,0.0,0.0,0.0,0.0,0.0,0.0,0.0,0.0,0.0,0.0,0.0,0.0,0.0
2000-07-31,0.0,0.0,0.0,0.0,0.0,0.0,0.0,0.0,0.0,0.0,0.0,0.0,0.0,0.0
2000-08-31,0.0,0.0,0.0,0.0,0.0,0.0,0.0,0.0,0.0,0.0,0.0,0.0,0.0,0.0
2000-09-30,0.0,0.0,0.0,0.0,0.0,0.0,0.0,0.0,0.0,0.0,0.0,0.0,0.0,0.0
2000-10-31,0.0,0.0,0.0,0.0,0.0,0.0,0.0,0.0,0.0,0.0,0.0,0.0,0.0,0.0
2000-11-30,0.0,0.0,0.0,0.0,0.0,0.0,0.0,0.0,0.0,0.0,0.0,0.0,0.0,0.0
2000-12-31,0.0,0.0,0.0,0.0,0.0,0.0,0.0,0.0,0.0,0.0,0.0,0.0,0.0,0.0
2001-01-31,0.0,0.0,0.0,0.0,0.0,0.0,0.0,0.0,0.0,0.0,0.0,0.0,0.0,0.0
2001-02-28,0.0,0.0,0.0,0.0,0.0,0.0,0.0,0.0,0.0,0.0,0.0,0.0,0.0,0.0
2001-03-31,0.0,0.0,0.0,0.0,0.0,0.0,0.0,0.0,0.0,0.0,0.0,0.0,0.0,0.0
2001-04-30,0.0,0.0,0.0,0.0,0.0,0.0,0.0,0.0,0.0,0.0,0.0,0.0,0.0,0.0
2001-05-31,0.0,0.0,0.0,0.0,0.0,0.0,0.0,0.0,0.0,0.0,0.0,0.0,0.0,0.0
2001-06-30,0.0,0.0,0.0,0.0,0.0,0.0,0.0,0.0,0.0,0.0,0.0,0.0,0.0,0.0
2001-07-31,0.0,0.0,0.0,0.0,0.0,0.0,0.0,0.0,0.0,0.0,0.0,0.0,0.0,0.0
2001-08-31,0.0,0.0,0.0,0.0,0.0,0.0,0.0,0.0,0.0,0.0,0.0,0.0,0.0,0.0
2001-09-30,0.0,0.0,0.0,0.0,0.0,0.0,0.0,0.0,0.0,0.0,0.0,0.0,0.0,0.0
2001-10-31,0.0,0.0,0.0,0.0,0.0,0.0,0.0,0.0,0.0,0.0,0.0,0.0,0.0,0.0
2001-11-30,0.0,0.0,0.0,0.0,0.0,0.0,0.0,0.0,0.0,0.0,0.0,0.0,0.0,0.0
2001-12-31,0.0,0.0,0.0,0.0,0.0,0.0,0.0,0.0,0.0,0.0,0.0,0.0,0.0,0.0
2002-01-31,0.0,0.0,0.0,0.0,0.0,0.0,0.0,0.0,0.0,0.0,0.0,0.0,0.0,0.0
2002-02-28,0.0,0.0,0.0,0.0,0.0,0.0,0.0,0.0,0.0,0.0,0.0,0.0,0.0,0.0
2002-03-31,0.0,0.0,0.0,0.0,0.0,0.0,0.0,0.0,0.0,0.0,0.0,0.0,0.0,0.0
2002-04-30,0.0,0.0,0.0,0.0,0.0,0.0,0.0,0.0,0.0,0.0,0.0,0.0,0.0,0.0
2002-05-31,0.0,0.0,0.0,0.0,0.0,0.0,0.0,0.0,0.0,0.0,0.0,0.0,0.0,0.0
2002-06-30,0.0,0.0,0.0,0.0,0.0,0.0,0.0,0.0,0.0,0.0,0.0,0.0,0.0,0.0
2002-07-31,0.0,0.0,0.0,0.0,0.0,0.0,0.0,0.0,0.0,0.0,0.0,0.0,0.0,0.0
2002-08-31,0.0,0.0,0.0,0.0,0.0,0.0,0.0,0.0,0.0,0.0,0.0,0.0,0.0,0.0
2002-09-30,0.0,0.0,0.0,0.0,0.0,0.0,0.0,0.0,0.0,0.0,0.0,0.0,0.0,0.0
2002-10-31,0.0,0.0,0.0,0.0,0.0,0.0,0.0,0.0,0.0,0.0,0.0,0.0,0.0,0.0
2002-11-30,0.0,0.0,0.0,0.0,0.0,0.0,0.0,0.0,0.0,0.0,0.0,0.0,0.0,0.0
2002-12-31,0.0,0.0,0.0,0.0,0.0,0.0,0.0,0.0,0.0,0.0,0.0,0.0,0.0,0.0
2003-01-31,0.0,0.0,0.0,0.0,0.0,0.0,0.0,0.0,0.0,0.0,0.0,0.0,0.0,0.0
2003-02-28,0.0,0.0,0.0,0.0,0.0,0.0,0.0,0.0,0.0,0.0,0.0,0.0,0.0,0.0
2003-03-31,0.0,0.0,0.0,0.0,0.0,0.0,0.0,0.0,0.0,0.0,0.0,0.0,0.0,0.0
2003-04-30,0.0,0.0,0.0,0.0,0.0,0.0,0.0,0.0,0.0,0.0,0.0,0.0,0.0,0.0
2003-05-31,0.0,0.0,0.0,0.0,0.0,0.0,0.0,0.0,0.0,0.0,0.0,0.0,0.0,0.0
2003-06-30,0.0,0.0,0.0,0.0,0.0,0.0,0.0,0.0,0.0,0.0,0.0,0.0,0.0,0.0
2003-07-31,0.0,0.0,0.0,0.0,0.0,0.0,0.0,0.0,0.0,0.0,0.0,0.0,0.0,0.0
2003-08-31,0.0,0.0,0.0,0.0,0.0,0.0,0.0,0.0,0.0,0.0,0.0,0.0,0.0,0.0
2003-09-30,0.0,0.0,0.0,0.0,0.0,0.0,0.0,0.0,0.0,0.0,0.0,0.0,0.0,0.0
2003-10-31,0.0,0.0,0.0,0.0,0.0,0.0,0.0,0.0,0.0,0.0,0.0,0.0,0.0,0.0
2003-11-30,0.0,0.0,0.0,0.0,0.0,0.0,0.0,0.0,0.0,0.0,0.0,0.0,0.0,0.0
2003-12-31,0.0,0.0,0.0,0.0,0.0,0.0,0.0,0.0,0.0,0.0,0.0,0.0,0.0,0.0
2004-01-31,0.0,0.0,0.0,0.0,0.0,0.0,0.0,0.0,0.0,0.0,0.0,0.0,0.0,0.0
2004-02-29,0.0,0.0,0.0,0.0,0.0,0.0,0.0,0.0,0.0,0.0,0.0,0.0,0.0,0.0
2004-03-31,0.0,0.0,0.0,0.0,0.0,0.0,0.0,0.0,0.0,0.0,0.0,0.0,0.0,0.0
2004-04-30,0.0,0.0,0.0,0.0,0.0,0.0,0.0,0.0,0.0,0.0,0.0,0.0,0.0,0.0
2004-05-31,0.0,0.0,0.0,0.0,0.0,0.0,0.0,0.0,0.0,0.0,0.0,0.0,0.0,0.0
2004-06-30,0.0,0.0,0.0,0.0,0.0,0.0,0.0,0.0,0.0,0.0,0.0,0.0,0.0,0.0
2004-07-31,0.0,0.0,0.0,0.0,0.0,0.0,0.0,0.0,0.0,0.0,0.0,0.0,0.0,0.0
2004-08-31,0.0,0.0,0.0,0.0,0.0,0.0,0.0,0.0,0.0,0.0,0.0,0.0,0.0,0.0
2004-09-30,0.0,0.0,0.0,0.0,0.0,0.0,0.0,0.0,0.0,0.0,0.0,0.0,0.0,0.0
2004-10-31,0.0,0.0,0.0,0.0,0.0,0.0,0.0,0.0,0.0,0.0,0.0,0.0,0.0,0.0
2004-11-30,0.0,0.0,0.0,0.0,0.0,0.0,0.0,0.0,0.0,0.0,0.0,0.0,0.0,0.0
2004-12-31,0.0,0.0,0.0,0.0,0.0,0.0,0.0,0.0,0.0,0.0,0.0,0.0,0.0,0.0
2005-01-31,0.0,0.0,0.0,0.0,0.0,0.0,0.0,0.0,0.0,0.0,0.0,0.0,0.0,0.0
2005-02-28,0.0,0.0,0.0,0.0,0.0,0.0,0.0,0.0,0.0,0.0,0.0,0.0,0.0,0.0
2005-03-31,0.0,0.0,0.0,0.0,0.0,0.0,0.0,0.0,0.0,0.0,0.0,0.0,0.0,0.0
2005-04-30,0.0,0.0,0.0,0.0,0.0,0.0,0.0,0.0,0.0,0.0,0.0,0.0,0.0,0.0
2005-05-31,0.0,0.0,0.0,0.0,0.0,0.0,0.0,0.0,0.0,0.0,0.0,0.0,0.0,0.0
2005-06-30,0.0,0.0,0.0,0.0,0.0,0.0,0.0,0.0,0.0,0.0,0.0,0.0,0.0,0.0
2005-07-31,0.0,0.0,0.0,0.0,0.0,0.0,0.0,0.0,0.0,0.0,0.0,0.0,0.0,0.0
2005-08-31,0.0,0.0,0.0,0.0,0.0,0.0,0.0,0.0,0.0,0.0,0.0,0.0,0.0,0.0
2005-09-30,0.0,0.0,0.0,0.0,0.0,0.0,0.0,0.0,0.0,0.0,0.0,0.0,0.0,0.0
2005-10-31,0.0,0.0,0.0,0.0,0.0,0.0,0.0,0.0,0.0,0.0,0.0,0.0,0.0,0.0
2005-11-30,0.0,0.0,0.0,0.0,0.0,0.0,0.0,0.0,0.0,0.0,0.0,0.0,0.0,0.0
2005-12-31,0.0,0.0,0.0,0.0,0.0,0.0,0.0,0.0,0.0,0.0,0.0,0.0,0.0,0.0
2006-01-31,0.0,0.0,0.0,0.0,0.0,0.0,0.0,0.0,0.0,0.0,0.0,0.0,0.0,0.0
2006-02-28,0.0,0.0,0.0,0.0,0.0,0.0,0.0,0.0,0.0,0.0,0.0,0.0,0.0,0.0
2006-03-31,0.0,0.0,0.0,0.0,0.0,0.0,0.0,0.0,0.0,0.0,0.0,0.0,0.0,0.0
2006-04-30,0.0,0.0,0.0,0.0,0.0,0.0,0.0,0.0,0.0,0.0,0.0,0.0,0.0,0.0
2006-05-31,0.0,0.0,0.0,0.0,0.0,0.0,0.0,0.0,0.0,0.0,0.0,0.0,0.0,0.0
2006-06-30,0.0,0.0,0.0,0.0,0.0,0.0,0.0,0.0,0.0,0.0,0.0,0.0,0.0,0.0
2006-07-31,0.0,0.0,0.0,0.0,0.0,0.0,0.0,0.0,0.0,0.0,0.0,0.0,0.0,0.0
2006-08-31,0.0,0.0,0.0,0.0,0.0,0.0,0.0,0.0,0.0,0.0,0.0,0.0,0.0,0.0
2006-09-30,0.0,0.0,0.0,0.0,0.0,0.0,0.0,0.0,0.0,0.0,0.0,0.0,0.0,0.0
2006-10-31,0.0,0.0,0.0,0.0,0.0,0.0,0.0,0.0,0.0,0.0,0.0,0.0,0.0,0.0
2006-11-30,0.0,0.0,0.0,0.0,0.0,0.0,0.0,0.0,0.0,0.0,0.0,0.0,0.0,0.0
2006-12-31,0.0,0.0,0.0,0.0,0.0,0.0,0.0,0.0,0.0,0.0,0.0,0.0,0.0,0.0
2007-01-31,0.0,0.0,0.0,0.0,0.0,0.0,0.0,0.0,0.0,0.0,0.0,0.0,0.0,0.0
2007-02-28,0.0,0.0,0.0,0.0,0.0,0.0,0.0,0.0,0.0,0.0,0.0,0.0,0.0,0.0
2007-03-31,0.0,0.0,0.0,0.0,0.0,0.0,0.0,0.0,0.0,0.0,0.0,0.0,0.0,0.0
2007-04-30,0.0,0.0,0.0,0.0,0.0,0.0,0.0,0.0,0.0,0.0,0.0,0.0,0.0,0.0
2007-05-31,0.0,0.0,0.0,0.0,0.0,0.0,0.0,0.0,0.0,0.0,0.0,0.0,0.0,0.0
2007-06-30,0.0,0.0,0.0,0.0,0.0,0.0,0.0,0.0,0.0,0.0,0.0,0.0,0.0,0.0
2007-07-31,0.0,0.0,0.0,0.0,0.0,0.0,0.0,0.0,0.0,0.0,0.0,0.0,0.0,0.0
2007-08-31,0.0,0.0,0.0,0.0,0.0,0.0,0.0,0.0,0.0,0.0,0.0,0.0,0.0,0.0
2007-09-30,0.0,0.0,0.0,0.0,0.0,0.0,0.0,0.0,0.0,0.0,0.0,0.0,0.0,0.0
2007-10-31,0.0,0.0,0.0,0.0,0.0,0.0,0.0,0.0,0.0,0.0,0.0,0.0,0.0,0.0
2007-11-30,0.0,0.0,0.0,0.0,0.0,0.0,0.0,0.0,0.0,0.0,0.0,0.0,0.0,0.0
2007-12-31,0.0,0.0,0.0,0.0,0.0,0.0,0.0,0.0,0.0,0.0,0.0,0.0,0.0,0.0
2008-01-31,0.0,0.0,0.0,0.0,0.0,0.0,0.0,0.0,0.0,0.0,0.0,0.0,0.0,0.0
2008-02-29,0.0,0.0,0.0,0.0,0.0,0.0,0.0,0.08139962227031963,0.07244786215837302,-0.26438329315807924,-0.5722722231421382,-0.009496999271090002,0.0,0.0
2008-03-31,0.03893565402065404,0.0,0.0,-0.12692033830128335,0.0,0.0,-0.12421018424670016,0.040984201359976984,-0.026257009510932138,-0.14313313740138578,-0.25791683757945755,-0.027218780115228443,0.0,-0.2144238574643816
2008-04-30,0.03699653006237423,0.0,0.0,-0.13066513022242682,0.0,0.0,-0.09015807769066644,0.04441575126039067,-0.03900776439936707,-0.13046351540683257,-0.19819005418804095,-0.09415259711627968,0.0,-0.23595057965362176
2008-05-31,0.04818184537069473,0.0,0.0,-0.2831715431470663,0.0,0.0,-0.29614983707181997,0.0008393262632056055,-0.019009345356739232,-0.16143106250653733,-0.07009998643211085,0.03965067114181982,0.0,-0.08146638271000621
2008-06-30,0.05318523832057172,0.0,0.0,-0.2544721757390073,0.0,0.0,-0.08765116195396122,-0.0443201301920014,-0.044605324253636565,-0.06766302932713253,-0.2574099815276059,-0.013023341765192162,0.0,-0.17766961692089106
2008-07-31,0.08322830743144045,0.0,0.0,-0.12204443559236794,0.0,0.0,-0.1217071599746656,-0.05112165153810938,-0.06983839796460775,-0.1561696294609881,-0.1410564831762334,0.07579370789868055,0.0,-0.17904022696290678
2008-08-31,-0.007543963312798724,0.0,0.0,0.038107567419613124,0.0,0.0,0.10178371575737462,-0.12491454763014942,0.02097609102733937,-0.30127464797491255,-0.20090311978265032,0.10007947981672285,0.0,-0.10441686727843894
2008-09-30,-0.028318235917610003,0.0,0.0,-0.128399124118316,0.0,0.0,-0.10757766510219051,-0.040111109484020746,-0.2535619759721008,-0.22257695038874137,-0.10133573387872756,0.07514033326879957,0.0,0.04297887186949342
2008-10-31,-0.04169535290234913,0.0,0.0,0.08162791981096024,0.0,0.0,-0.17324120089931894,0.01842759287048008,-0.0581289921457707,-0.24545226894411556,-0.29540837784915797,0.05356927950925351,0.0,-0.032449015068593885
2008-11-30,-0.13088113829536072,0.0,0.0,0.1547225283006523,0.0,0.0,-0.024093148339803163,-0.04972463743015887,-0.08881508030935507,-0.22188901589330798,-0.26054305885653983,-0.010015861300589742,0.0,0.05931553127423239
2008-12-31,-0.15232707949668103,0.0,0.0,0.12634767610417544,0.0,0.0,-0.002680622688021054,-0.04169407945237448,-0.06306478480776939,-0.1527024191560457,-0.35160896148014814,0.027297310215628263,0.0,0.0822770665991564
2009-01-31,-0.16892660044985805,0.0,0.0,0.1424245268109355,0.0,0.0,-0.043984452097105206,-0.07033358009537526,-0.08848785800916852,-0.2250447292520627,-0.15476607381161994,-0.04020516818432188,0.0,-0.06582701128955298
2009-02-28,-0.17942801382095971,0.0,0.0,0.13665308618613967,0.0,0.0,0.06556073513397154,-0.05452351071502115,-0.06753748385519352,-0.21271915704809866,-0.13527317268251807,-0.06973392790157833,0.0,0.07857091265651929
2009-03-31,-0.11477925272519554,0.0,0.0,0.1525798837878038,0.0,0.0,0.11853930929010759,-0.11329736508779423,-0.07194457561190018,-0.20765245642334507,-0.18833151016963734,-0.006037771551861258,0.0,0.02683787535235491
2009-04-30,-0.07345352573024366,0.0,0.0,0.12026056888586377,0.0,0.0,-0.052839145142230835,-0.05858230314719174,-0.06458370798913945,-0.11761154972250819,-0.16326412809280905,0.041463678745773495,0.0,0.30794139254423986
2009-05-31,-0.13084489329082633,0.0,0.0,0.061956144980062584,0.0,0.0,-0.1531398583444746,-0.07867924426466258,-0.09518089155330488,-0.15698797716105806,-0.145674395114977,-0.03073932146431394,0.0,0.14679727382632002
2009-06-30,-0.07265652619457316,0.0,0.0,0.07139506814880249,0.0,0.0,0.21370129351805645,0.05966703218206748,-0.05866162820179166,-0.12214693484226388,-0.10018459263288053,-0.006892074741479211,0.0,0.29469484953808506
2009-07-31,-0.1626829556170016,0.0,0.0,0.07545637459140782,0.0,0.0,-0.14838745967259315,-0.02457669290921009,-0.026439525306661233,-0.03297338702279707,-0.16260527004060255,-0.04932748442939399,0.0,0.31755085041033254
2009-08-31,-0.09908803209913866,0.0,0.0,-0.05376276013049865,0.0,0.0,0.027218209653899744,-0.055625609100789175,-0.0051632391206946565,-0.14230399654984643,-0.2142584701849574,-0.05197709950040609,0.0,0.35060258365976926
2009-09-30,-0.16718367932067107,0.0,0.0,-0.0030162060633801605,0.0,0.0,-0.2115431936400159,-0.03872914070055577,-0.06359399518749176,-0.10765371931992743,-0.11781334405152065,-0.05806723264658328,0.0,0.23239948906985403
2009-10-31,-0.11665024729884223,0.0,0.0,-0.06458116094518443,0.0,0.0,-0.017110583616505793,-0.052741575207718425,-0.18058900102896433,-0.08782017200386995,-0.0849202136061807,0.03437201075893514,0.0,0.361215035533799
2009-11-30,0.010027030867642497,0.0,0.0,-0.01614830924693509,0.0,0.0,-0.12036208944255979,-0.030387525806328305,-0.09251748418839269,-0.12192917244883875,-0.06130522271138658,0.10306207653170402,0.0,0.4442610887562124
2009-12-31,0.035574522867327395,0.0,0.0,-0.059057808652737596,0.0,0.0,-0.19090014639806627,-0.006189887315143694,-0.09535835256834181,-0.08637590723317423,-0.053765018582470105,0.025862199273629125,0.0,0.44691615710910976
2010-01-31,0.0195580235413508,0.0,0.0,-0.06760289328168823,0.0,0.0,-0.20684662497030468,-0.004148268375542991,-0.08323791836248334,-0.023669813891962876,-0.18481207964850258,0.06954154221618575,0.0,0.34058283571197884
2010-02-28,0.016594714210944304,0.0,0.0,0.016536667292934792,0.0,0.0,-0.3156700093717838,-0.029282621953709433,-0.04921207704821394,0.010309411750693118,-0.1727493135336603,0.043911970900235485,0.0,0.34573321393782486
2010-03-31,-0.09727249916420472,0.0,0.0,-0.02222435945751679,0.0,0.0,-0.3647194139746011,-0.004853978116671857,-0.03517120551784651,0.04156103571809372,-0.12637561666202707,-0.009495807726688796,0.0,0.29832608366234953
2010-04-30,-0.09318181441079565,0.0,0.0,0.0077047548442970995,0.0,0.0,-0.2644970429713171,0.00183230298098574,0.030969609256392847,-0.06824579504821342,-0.18631565634862332,-0.04101004440022894,0.0,0.3062429797391458
2010-05-31,0.09565432387183499,0.0,0.0,0.15562887400590464,0.0,0.0,-0.19104425755273186,-0.04848338403625511,0.017409891110606257,-0.05486015097554022,-0.08611136969749772,-0.027331611392896075,0.0,0.3234761373567332
2010-06-30,0.15364516992048416,0.0,0.0,0.021172493799992854,0.0,0.0,-0.11174766770434867,-9.351818377141965e-05,-0.007703270582280088,-0.009423209188215601,-0.11020401582292784,0.012146288349102396,0.0,0.573864366448877
2010-07-31,0.004154160586619372,0.0,0.0,0.08194081431737008,0.0,0.0,-0.18351452579024782,-0.05894690593359662,-0.01883023351290704,-0.036825540390282865,-0.2803087823209545,0.12073333639965672,0.0,0.214745700748365
2010-08-31,0.027486501232573284,0.0,0.0,0.11248246918235567,0.0,0.0,-0.35933573231436716,0.00891253355491226,-0.012004329371013856,0.016482762713649297,-0.11343764805821976,-0.014276948003509937,0.0,0.33558107556939876
2010-09-30,0.020748409160778573,0.0,0.0,0.10852737422702725,0.0,0.0,-0.2833808944070811,0.036205029331405035,-0.010886078288414765,-0.04715442697783372,-0.15550001021834792,0.02321235862837105,0.0,0.31438541876074055
2010-10-31,0.044429351744872614,0.0,0.0,0.12533887866804636,0.0,0.0,-0.24778960686907436,0.015711598576834938,0.001021116546301407,-0.05234806592100297,-0.1595758920004638,-0.004321589809038558,0.0,0.3494638998643651
2010-11-30,-0.06551937988797113,0.0,0.0,0.10378480389492216,0.0,0.0,-0.13407027794934354,-0.0034265526826979544,-0.08244864166362212,-0.14650926691317548,-0.08551314011130695,0.12321680796296917,0.0,-0.25551112893399147
2010-12-31,-0.26424148082667176,0.0,0.0,0.06355744700379246,0.0,0.0,-0.20304316196350697,0.040767656165754486,-0.023579785183589858,-0.10041056764112567,-0.06465878172436607,-0.027437715381973676,0.0,-0.21230340410921897
2011-01-31,-0.12779582555975616,0.0,0.0,0.026889789952979824,0.0,0.0,-0.2717352062141764,-0.03160792813331077,0.014035588780295387,-0.1283833665195321,-0.10591191869669205,0.08398227789036218,0.0,-0.20965809825289503
2011-02-28,-0.11754739924788486,0.0,0.0,0.07419433200275387,0.0,0.0,0.14128596342846392,0.0017711531776843177,-0.05330839346927606,-0.3124794856826517,-0.15876511938738383,0.01167083660951033,0.0,0.12897731699439102
2011-03-31,-0.06630859186569649,0.0,0.0,0.07133687202737615,0.0,0.0,0.1706373251075569,-0.014851347432722503,-0.07516315910187542,-0.26826494278919705,-0.0775220254329422,0.07496228908210228,0.0,0.180953447160531
2011-04-30,-0.06854757153537407,0.0,0.0,0.09940697793777614,0.0,0.0,-0.015736015224695966,0.04490041129456769,-0.08773881393949232,-0.08584083184574749,-0.24468956701597092,0.12504319244321072,-0.03210433528813193,-0.1959922834750328
2011-05-31,-0.049008748078346154,0.0,0.0,0.053534156357872606,0.0,0.0,0.08019509984978028,-0.029692923745901,-0.09434042683596765,-0.2609070509201489,-0.19347655378911205,0.12103589641132886,-0.00043514801466916915,-0.11737399599687337
2011-06-30,-0.03667315260754384,0.0,0.0,0.03287016453519816,0.0,0.0,0.07528292953045755,0.03818122436895464,-0.11915137983687706,-0.1859386936030138,-0.058006165272867456,0.06796916717375777,0.0055126151031287575,-0.380414507968201
2011-07-31,-0.07175707033358134,0.0,0.0,0.14436914477907384,0.0,0.0,-0.026901065507804984,0.011341811422226762,-0.09052641045962534,-0.12163998061914011,-0.13750477768350863,0.010025796871531066,-0.0014059609055756927,-0.38452798141793215
2011-08-31,-0.044506839961871894,0.0,0.0,0.003630214171517618,0.0,0.0,-0.15636525275257238,0.0776406572485678,-0.009937911317102558,-0.1102872684496716,-0.07299030197478808,-0.015124568897709514,-0.007854477778290715,-0.501662507447908
2011-09-30,0.013817101039517402,0.8207116367532685,0.0,0.018286444990898373,0.0,0.0,0.005209091635259628,-0.00395508414404604,0.0002379023221603612,0.024593292475772962,0.00520757544062195,-0.003324560891062548,-0.011568734026294054,-0.09308857628109812
2011-10-31,0.004289614903534867,-0.20025756277708595,0.0,0.011983854516029782,0.0,0.0,-0.2210792098752536,-0.11010003284069973,-0.021378072272310197,0.011789708274682833,0.00934919249531449,0.024877190905311992,-0.02204076510106175,-0.3628547960387148
2011-11-30,0.03752311784508882,0.3686051280095432,0.0,0.0532951911747234,0.0,0.0,-0.1542871558352167,-0.0729703500871515,-0.014567873323023011,0.036895237007214136,0.0084792499439651,0.04233751033874342,-0.011771049765479168,-0.19926813666985146
2011-12-31,0.06909119869876837,0.31931283680649564,0.0,0.07011407563084805,0.0,0.0,-0.08740377892989123,-0.11217729485382669,-0.046545053830697236,-0.02528483191644932,0.02616125338089019,0.0694353470677442,-0.025242186371650804,-0.14923214251273817
2012-01-31,0.13524523405341213,-0.23280105701965953,0.0,0.1435447787970903,0.0,0.0,-0.06268855419882431,-0.09101155255413489,-0.013897267057233641,0.031649537975838485,0.008129495256930122,0.07409683933403775,-0.02762850307799333,-0.1793071806748456
2012-02-29,0.08626106509945856,-0.1539026232769366,0.0,0.08744150566552854,0.0,0.0,-0.1386545001811967,-0.07531670551595203,-0.035493677133514354,-0.04720702184380342,0.04649719613591116,0.06982323338317095,-0.03880404619101736,-0.2205984255735104
2012-03-31,0.07953826531856595,-0.1381123649516326,0.0,0.041755317950174405,0.0,0.0,-0.20351867826002001,-0.07412647732844758,-0.03325220218726099,-0.03667996382369066,0.052418802561783134,0.0670855601946455,-0.06770377022643381,-0.20580859719734532
2012-04-30,0.10392585009894481,-0.01572042305173931,0.0,0.12408644239760995,0.0,0.0,-0.2006890633032543,-0.0373774873607303,-0.00033093337932316256,-0.030069692699006452,0.08255476682693405,0.05880581716571022,-0.12838242069310835,-0.2180571030236391
2012-05-31,0.04707996007440535,0.10629830573653673,0.0,0.10538477436091122,0.0,0.0,-0.3075581007791921,-0.05777707994436598,-0.020821368923552793,0.04109588441531981,0.02499813891285829,0.04870629839523943,-0.06252882782533307,-0.17775126063228533
2012-06-30,0.11545362595349531,-0.017290022377642406,0.0,0.1607226032322613,0.0,0.0,-0.3047295232303285,-0.02478754316058246,-0.01367003190943217,-0.07384956338854776,0.10016776754502166,0.0863512487727617,-0.0439537079845281,-0.05902436244539864
2012-07-31,0.11205180860220916,0.19595334949641388,0.0,0.09980591700927983,0.0,0.0,-0.2912373728417791,-0.016323347117132573,0.05836578556044957,-0.005293220569490221,0.05319934136788853,-0.023986558714511868,-0.07124852714976572,-0.0725347715710796
2012-08-31,0.13760061865848766,0.3000704324983649,0.0,0.13837033523169612,0.0,0.0,-0.13460702344585995,0.034300922490983134,0.07887926598798085,-0.04472094275723778,0.06679935018284702,0.022553418091846626,-0.024116088044329912,0.017981602610366066
2012-09-30,0.15193263711663196,0.12509872670541092,0.0,0.14577186651921614,0.0,0.0,-0.29678281730860445,0.03529500637624862,0.08785840572332271,0.007804658972999629,-0.010827031158857896,-0.029090684609464956,-0.09215802478217994,-0.01738014072706291
2012-10-31,0.09695046092317416,0.2281969572694476,0.0,0.08318468808470017,0.0,0.0,-0.2954775779236461,0.032419011183070064,-0.01482894353995314,0.02718097954428144,0.06018824518259784,-0.031004154622314206,0.013349652144469443,0.11721932958234606
2012-11-30,0.11090637368611767,0.08492121904181152,0.0,0.028647256147693406,0.0,0.0,-0.569794758404561,0.053642770422689716,0.019295044651911973,0.004680545320670223,-0.01599331670514361,-0.07775983777511948,-0.001362761457382306,0.032996116386899116
2012-12-31,0.068582536684501,0.06015050872650121,0.0,0.10704848422810782,0.0,0.0,-0.2594137808548149,0.07656346881456677,0.0921713081466773,0.00473577749937831,0.007210809293807632,-0.048530156379030555,-0.10773877537948523,0.1678543939931294
2013-01-31,0.0328166751668392,0.1707777623398767,0.0,0.07640559154454976,0.0,0.0,-0.3241532769376674,0.05157200835942537,0.060030628070779676,0.011731067793856829,0.035792050059983364,-0.03509494501327935,-0.030165776280838132,0.17146021843290415
2013-02-28,0.08725184522845467,0.18789290630154534,0.0,0.1002764406566033,0.0,0.0,-0.3223983640871007,0.018508947724171766,0.057787127992788845,0.023863894996395244,0.01289359969023439,-0.04335307739592324,-0.05099585519711514,0.09477794072966733
2013-03-31,0.10490621573553952,0.15267945397053498,0.0,0.10087663629378603,0.0,0.0,-0.3409397342920524,0.027645379236657726,0.06510321361003227,0.03734485206943301,0.005663391057110518,-0.055915781107659636,-0.029735970701966933,0.07918937192522708
2013-04-30,0.10700696121646493,0.09442514891243092,0.0,0.11625495384804262,0.0,0.0,-0.27546079367321774,0.044311493355721654,0.10124675423694467,0.08626485589725834,-0.015232178092892927,-0.06394838084751787,-0.058376269423472314,-0.03747221049603606
2013-05-31,0.1342352696192375,0.00338441890886686,0.0,0.14346057987717856,0.0,0.0,-0.26661581287813974,0.04610074507508549,0.09348892942507804,0.06920748485755601,-0.025295448678362288,-0.06576922402225319,-0.03348074085923774,-0.11896134579900447
2013-06-30,0.11700314895131031,0.026698815282574888,0.0,0.09418539054424084,0.0,0.0,-0.37907091967615303,0.01732975586752657,0.065081455998002,0.05387440437735035,-0.04311447572426619,-0.04640551642666058,-0.042707161210702685,-0.11452895594121255
2013-07-31,0.09062895284380426,-0.05279506759009573,0.0,0.0685459664313287,0.0,0.0,-0.3698020788428597,-0.013659861612412498,0.036916317998616666,0.08646679833318659,-0.04417804477498844,-0.009930682207015469,-0.04044972228292068,-0.1866265070827713
2013-08-31,0.06880046600578088,-0.06240240861565212,0.0,0.07598773273993648,0.0,0.0,-0.31333747773103077,-0.0011504903423352824,0.04673909600294508,0.07089647415903062,-0.050125513926806434,-0.033709385308044744,-0.05001944088660935,-0.22683151428182827
2013-09-30,0.07215978642753372,-0.022034271334094743,0.0,0.062252168881354174,0.0,0.0,-0.31954140260985225,-0.006624878793509521,0.03910806391751332,0.08266769873473816,-0.0485453149773947,-0.036078730969901364,-0.06750844970682278,-0.24347923364728533
2013-10-31,0.035999578400727164,-0.07039876145495075,0.0,0.07531390802452344,0.0,0.0,-0.2565983557017486,-0.005425838423336474,0.035173075392209034,0.038802508313593255,-0.04716413521557059,-0.05578336109995481,-0.06435477676332567,-0.3149857012100602
2013-11-30,0.04824114473196014,-0.07490705332946032,0.0,0.054097806807083614,0.0,0.0,-0.37212828666357695,-0.016387198607856077,0.021850674139377933,0.06028510399932882,-0.03149941633770945,-0.035729232424885536,-0.05865797463657217,-0.22621610832218902
2013-12-31,0.08772805703196987,-0.04367322006086511,0.0,0.04426489132782734,0.0,0.0,-0.32860305970137466,-0.0037431757491202936,0.03206006510846458,0.04932647095198149,-0.020286780428748298,-0.04544592251183128,-0.06312902851984498,-0.2817393286079721
2014-01-31,0.11371641737831358,-0.07325503977023823,0.0,0.03168763701043234,0.0,0.0,-0.27712788076642453,-0.013346713443100039,0.030316320599503375,0.046118278982535045,-0.013976439480941126,-0.06382849444996529,-0.10737869598530374,-0.22924808213324266
2014-02-28,0.08700840594950239,-0.035339115807214126,0.0,-0.004309331038710397,0.0,0.0,-0.2928758960950592,-0.005002212642524527,0.04085611662787601,0.051275734098233675,-0.040664944197653805,-0.05464773003781031,-0.06927301994660566,-0.31874749355880977
2014-03-31,0.0036014821302222133,-0.006000275277630553,0.48700005654055173,0.005144761802489574,0.0,0.0,-0.16026102516627552,0.03491880945050164,0.017046094947959393,0.004482722157605256,-0.011828570738784072,-0.021101168195792882,-0.05956077950284593,-0.18905425408934112
2014-04-30,0.0480167372654733,-0.017380554746565628,-0.2716134189433242,-0.027324611345671414,0.0,0.0,-0.2618280395524204,-0.011881031135779417,0.02325031957116519,0.024705978285947755,-0.033285457688906,-0.025964156153790247,-0.06816255393729653,-0.18658714137365978
2014-05-31,0.05191052101594403,-0.014856876207237907,-0.31746647165379216,-0.03942127180528609,0.0,0.0,-0.24320005069252537,-0.010390081497829422,0.019132357246689068,0.014575401512050381,-0.02490316199265266,-0.020373261641261756,-0.0681682035048157,-0.1756023412299155
2014-06-30,0.07502632259085568,-0.025513815062008813,-0.2575855150738588,-0.02649299026622639,0.0,0.0,-0.260899844673282,-0.015597431650367902,0.006169090755641035,-0.008165526124343528,0.006426561816734879,-0.021775551000416782,-0.09311435360552676,-0.20323299738073763
2014-07-31,0.07268953530907285,0.0020596470198571692,-0.31195564728998015,-0.04742036609037902,0.0,0.0,-0.18418755869411,0.00727944054575769,0.02077731368757655,-0.007813887000505304,0.011523237273370563,-0.04613361059099296,-0.056477339747255446,-0.23168241675114237
2014-08-31,0.048055596119140453,-0.030612869771748853,-0.12652362889025925,-0.18587839458677197,0.0,0.0,-0.10227985400031371,-0.03050419148143351,0.054282330382691854,-0.034701406042484076,0.06851900041986393,-0.00815193335365997,-0.10788939607231934,-0.20260139887931308
2014-09-30,0.09809735169053804,-0.05844311946986622,-0.1682908897373475,-0.10749418178426881,0.0,0.0,-0.1353619389819552,-0.04703070327865299,0.04517477107814265,-0.021863158822474194,0.022715367214563752,-0.008299329961454624,-0.09724852556307835,-0.18998066241765754
2014-10-31,0.09615807308895144,-0.06783458096808413,-0.065992418175124,-0.14316210272422392,0.0,0.0,-0.21461222818109943,-0.0558309204552847,0.04153636314891806,-0.02665179360720713,0.02225541457288757,-0.01761281418784424,-0.06990693390423,-0.1784463569861454
2014-11-30,0.09356075026782149,-0.05217583536536093,-0.16302264723216164,-0.1413775220650522,0.0,0.0,-0.21565649616742208,-0.052557798213053245,0.030641579300852557,-0.018184221264303024,0.05758338486022681,0.0034384729425799452,-0.1083847074811416,-0.06341658484002465
2014-12-31,0.1492338264123192,-0.057331757585648915,-0.2938644471460977,-0.1600542151948431,0.0,0.0,0.0015352819816527204,-0.059325287472517474,0.014114163672884195,-0.01435499560923655,0.009108808932625263,0.011092580662778921,-0.19704606593738624,-0.0329385693920095
2015-01-31,0.09157442394643944,-0.08781943726692351,-0.22835344407867034,-0.16893046065653275,0.0,0.0,-0.12868232086342987,-0.00226505406003645,0.01773369466372022,-0.06799776713689669,0.053432679299944455,0.002418275114691928,-0.08857758180647687,-0.06221486110623747
2015-02-28,0.08987571661525787,-0.09496802817490689,-0.25932331099847944,-0.1192750737307862,0.0,0.0,-0.09552699172839878,0.0005667135126205971,-0.04544444030490082,-0.05050243612980148,0.07438050905827161,0.05595605424306956,-0.009312632343806039,0.10486809315970065
2015-03-31,0.08805269394111949,-0.12043745074977907,-0.15819661346138436,-0.10779664876610755,0.0,0.0,-0.09645612423697926,-0.048198746510439844,-0.017199084499027833,-0.0796589417625946,0.0915388351431595,0.049201161665880004,-0.10433092617533773,0.038932773088190764
2015-04-30,0.04831444798441245,-0.1236966074512584,-0.14270048193790788,-0.11134890188877596,0.0,0.0,-0.06816627784427139,-0.07464471883290723,-0.05656932237257716,-0.11034272414582286,0.08471618833850088,0.07375652391903534,-0.10397986023757085,0.0017639450469595986
2015-05-31,0.020131368390034123,-0.11933525490973335,-0.053922428637615455,-0.08455544575681498,0.0,0.0,-0.035542225699243604,-0.11636158646725712,-0.06326633918595616,-0.15494288277010995,0.0950812190210066,0.09100072279645188,-0.13196606650555273,0.03389445986022413
2015-06-30,0.039393636275509486,-0.09965034842131508,-0.08911009585906685,-0.0966491803639145,0.0,0.0,-0.08064850019795694,-0.10149180650547837,-0.03344886435447661,-0.11083170956371081,0.06222807456382632,0.07304047422122942,-0.12560442283037618,0.08790288684313959
2015-07-31,-0.00626024412859269,-0.10281028886803492,0.026258642916131766,-0.08620815905273226,0.0,0.0,-0.10434164887287092,-0.09881519295910351,-0.05833891730186074,-0.1485189422806768,0.02088565752420402,0.0624960018671337,-0.12307579809859713,0.16199050613006147
2015-08-31,0.05154259700184588,-0.05400569317234475,-0.09592919881762811,-0.07671899047028709,0.0,0.0,-0.18513429241679855,-0.05813660874601069,-0.06366589018172329,-0.12791558272763837,0.02174492276000038,0.07407443307102164,-0.1284463396307034,0.06268545100399792
2015-09-30,0.009428112530985109,-0.04665384391201126,-0.045959934843225025,-0.043891935735098635,0.0,0.0,-0.17689708107981117,-0.06036940311912743,-0.05379825342454338,-0.08206922152834091,0.02677212317692395,0.0653889807643647,-0.1745062253838183,0.21426488450175027
2015-10-31,0.07292195787101578,-0.09005081294620351,-0.05125213526749369,-0.02812498117779365,0.0,0.0,-0.12544980519898702,-0.033353293692628634,-0.06181566568813903,-0.048273440147313516,0.041869948045891656,0.0520589123101188,-0.23126234735150308,0.1635667003029116
2015-11-30,0.09201924872646461,-0.06444204697088544,-0.060048615010664726,-0.029142881787506077,0.0,0.0,-0.0619417500446919,-0.05096122433739698,-0.08830732962492972,-0.012026321151460606,-0.004962976695887543,0.08244925099802072,-0.298952981817671,0.1547453728344207
2015-12-31,0.0662813349350513,-0.03401305646325411,-0.004729635416875352,-0.016217225793268612,0.0,0.0,-0.08811325249723431,-0.07183604380324989,-0.1004842976912815,-0.074172177808016,0.01851563601699568,0.10275142203422098,-0.2630192033972351,0.15986671414331713
2016-01-31,0.07269674355156189,-0.08741231371342051,-0.017091523968158728,0.05627663011371956,0.0,0.0,-0.009644639397691024,-0.12070138163530256,-0.11148479024119577,-0.042152495333010395,-0.053406725293567256,0.19268770553885112,-0.17947935245676985,0.05696569875675126
2016-02-29,0.08109618944814741,-0.022936202180287472,-0.127317160437747,0.03511227979070906,0.0,0.0,-0.10432614711414144,-0.1404773033339349,-0.05090573896386584,0.0002936933307018363,-0.12402793459633314,0.10704979831766791,-0.12174735437821878,0.08471019810824508
2016-03-31,0.08273400345884722,0.04561562772245694,-0.07893963828553428,0.04066083580504067,0.0,0.0,-0.3551903185489671,-0.07930491815276125,-0.07020571396555092,-0.007922619375329586,-0.05408705640450258,0.0847381978154813,-0.1003817726622782,0.00021929780324986126
2016-04-30,0.12655960123181922,0.013344877141931891,-0.22479703460368303,-0.0005509049296555333,0.0,0.0,-0.0042096592843768234,-0.08598713618400747,-0.03658670514341516,0.009425551061550035,-0.2069275258214599,0.03870180959170707,-0.0893436402835128,0.16356555472288115
2016-05-31,0.07098089654615619,0.023806820130625437,-0.1661121316289885,0.002665072892678014,0.0,0.0,-0.18958307491534318,-0.03906021719752072,-0.04893467375843351,-0.0485159289166153,-0.16850176775121015,0.06913579859333256,-0.055380071670118915,0.11732354599897754
2016-06-30,0.060870989234154245,-0.05744157882955362,-0.18151631696443132,-0.03765656507732191,0.0,0.0,-0.27319198082832197,-0.05695933212584031,-0.05221235403503057,-0.023775392363643573,-0.13291890290403077,0.03154839269157379,-0.031127358042847757,-0.060780836903250215
2016-07-31,0.16855207243383896,0.007818084982809136,-0.1302461329678323,-0.04976095361263022,0.0,0.0,-0.020454384461540357,0.04940945236693654,-0.01115969324694355,0.11301026289865244,-0.15413495577561526,-0.036050900403218525,-0.05154902421596567,-0.20785408263401697
2016-08-31,0.12720633752547802,-0.04600609428758477,-0.1871295696231697,-0.03046097312109205,0.0,0.0,-0.13896410694311895,0.008874916633272162,0.051334112274223395,0.04763664354730945,-0.27093645487184276,-0.06369571547918902,-0.008090058550107379,0.019665017143612417
2016-09-30,-0.026568137588824117,-0.048557490665794324,-0.08834302271220655,-0.0059943743739050885,0.0,0.0,-0.1870227217749688,0.032452186835713104,0.1452625618031928,-0.0052363990067956995,-0.2141098180286404,-0.11463513465261627,-0.008685940332951394,0.12313221222439145
2016-10-31,0.010601230248932387,0.054504189585429824,-0.23275279713647293,-0.03294324435676922,0.0,0.0,0.20767329736483534,-0.06593919915297504,-0.010273387453114867,-0.05612856416114188,-0.20331192499615205,0.021936560823526113,0.049423503768397326,-0.05451210095225297
2016-11-30,0.07851190783558727,-0.01810044189434367,-0.14134691592999085,-0.031221570111237964,0.0,0.0,-0.04445209690884757,-0.042468088952618825,0.013944927832158702,-0.051590366287966136,-0.2335916643640538,0.07209113733710856,0.005233869979893101,-0.2674470125661937
2016-12-31,-0.012752244043010967,-0.07469233920449557,-0.10585244853328912,-0.09966142763396621,0.0,0.0,0.0693122069370644,-0.00905432204898367,0.010545673762462907,-0.05384041796529311,-0.37041524102047085,-0.028851750582994676,0.0634995240809355,0.1015224041870331
2017-01-31,0.04198822178374138,-0.05601382183548172,-0.08999685550350273,-0.10141545845582618,0.0,0.0,0.08916307947135843,0.03046330432508654,-0.05232301231129217,0.07048683061304294,-0.33885551008199083,-0.004477648178932394,-0.07116985842123381,-0.053646399018510774
2017-02-28,0.06338427034939176,-0.09054421463807412,-0.04832111727106315,-0.17446865365116204,0.0,0.0,0.1648183188172298,-0.048463341424898165,-0.039159640456903205,-0.0162246690750122,-0.14576571516021375,-0.019141386143121854,-0.06688810982028089,-0.12282056319264911
2017-03-31,0.05700150645898382,-0.07253657621127896,-0.08636084050866258,-0.1373616693922271,0.0,0.0,-0.04887457815198724,0.03422376068519632,-0.029743140530941767,0.03898599552672775,-0.08088228075660421,-0.06399632199777167,-0.14493300159136235,-0.20510032818825624
2017-04-30,0.07347192658547978,-0.03450168449982739,-0.07288248081633042,-0.12236469464108503,0.0,0.0,-0.028145801066511038,-0.03019302536806386,-0.05615285140195444,-0.0012661893605783953,-0.12946587924315744,0.010271142352150275,-0.10932701618922863,-0.3319573084756334
2017-05-31,0.07832305038295065,-0.009614767217001143,-0.07931177287137982,-0.17003099106545194,0.0,0.0,-0.008220327094345316,-0.012536560728296182,-0.04082970900329249,0.022854918713166302,-0.06469338246226121,0.017109079271776333,-0.06909877535888767,-0.42737666583119094
2017-06-30,0.06393201688097755,0.04595843680143061,-0.07457192268908185,-0.15779676194888426,0.0,0.0,-0.07035037275244199,0.007584373096751773,-0.024958481356567544,0.04008279713098899,-0.09595868776221883,0.00975507165642414,-0.03315252473719699,-0.37589855318703547
2017-07-31,-0.012673773664904391,0.05482944910576884,-0.07350212708926283,-0.09558359770169501,0.0,0.0,-0.1359628480590669,-0.003754545516795644,-0.031183019568204767,0.01766000972907661,-0.09104183103154014,0.01912043420672069,-0.05654725020482994,-0.4081411141221344
2017-08-31,0.0245530787557005,0.06362345911850745,-0.011063446660681599,-0.0801198011889317,0.0,0.0,-0.1971925159998173,-0.02119018780178476,-0.0394237080133048,-0.0017213414302904068,-0.0758365463591263,0.029610548764662487,-0.051902314372892826,-0.4037630515342999
2017-09-30,0.06287169543253442,0.06637623779511356,-0.08769634436946687,-0.08410012084330909,0.0,0.0,-0.17056058078883599,0.013538467686620828,0.008426694392485416,-0.0032810103247344056,-0.04320942411001317,-0.009328249865564136,-0.03604910650945258,-0.41456206788186956
2017-10-31,0.05707744037193438,0.043627898823404586,-0.059006608150429365,-0.08954853898703143,0.0,0.0,-0.20697512840317606,0.008845477790577504,-0.020713067365155893,0.0493646248261874,-0.06136630174226598,-0.012640268911061058,-0.016137312410185685,-0.37469733221859053
2017-11-30,0.040189606967791995,0.07392115475621787,-0.039263643534156234,-0.15407795888409284,0.0,0.0,-0.19971235449805158,0.004810294837034872,-0.004528034458122158,0.038377504794744596,-0.05501252032173725,-0.05499532382958396,-0.0023170180330986364,-0.33279458508536786
2017-12-31,0.06064105356555608,-0.0405543271751836,-0.08061277430678826,-0.03550269963876179,0.0,0.0,-0.1404955507558442,-0.026864506891290652,0.014483244801856822,0.0625900092755753,-0.09602502511494743,0.004506085061033143,0.01663731439675589,-0.421087409016407
2018-01-31,0.06031708302897404,0.02499069764880126,-0.09770574452353196,-0.10918903462356137,0.0,0.0,-0.14212039508204138,0.005414888597896788,0.018465197167381556,0.04648859542359768,-0.09551965153384209,-0.026834564256304955,-0.015483349927733087,-0.3574707981863338
2018-02-28,0.0699446406386122,0.03384384513621062,-0.06681092167265065,-0.08721143477568986,0.0,0.0,-0.31550104145694696,0.0427078562600868,-0.012966243942902106,0.030118962637075548,-0.10202456296005429,-0.026303874366794863,-0.00862203377873794,-0.20394458237423804
2018-03-31,0.05590481651261453,0.037293424500496976,-0.07059387580425458,-0.05542600619484106,0.0,0.0,-0.2385203875836927,-0.013106737318229185,-0.02247509542137188,-0.02393612127807645,-0.09710208591135011,0.006564751308930935,-0.02998389135472645,-0.3490928068114151
2018-04-30,0.057747336075519656,0.059553297604541644,-0.09386640989225671,-0.04790591034781774,0.0,0.0,-0.2724645645945683,-0.004605750555429098,-0.00333132072774587,0.0024858848649915058,-0.08555397911592919,-0.0013375259374845054,-0.020850101694516086,-0.3502979185891996
2018-05-31,0.012652403084642294,0.027959650043716297,-0.05619023627482511,-0.03856162350714315,0.0,0.0,-0.2508392936924427,0.0004306648971418694,0.0028794425088931046,-0.019419947813898192,-0.10248078274151283,0.02384065016631402,-0.08165624323822572,-0.3830890620312446
2018-06-30,0.04444418258894812,0.046337213423161064,-0.04614489338088013,-0.01358311587863588,0.0,0.0,-0.24405661562108594,-0.014652649347393782,-0.024391759914718467,-0.038564100293941014,-0.09316643399493779,0.03676072228498966,-0.06096207228680395,-0.3369362409845042
2018-07-31,0.039445994093957305,0.0407334941119124,-0.08378451807039367,-0.01011587699423957,0.0,0.0,-0.24625580990970958,0.0019213242777588765,-0.05228391354318484,-0.04420551373422505,-0.05177885914205475,0.025027481948834515,-0.05365027688838303,-0.35079693728534633
2018-08-31,0.06779915108457547,0.059505555771559936,-0.07741724561947361,-0.018194142318660993,0.0,0.0,-0.2137323094204276,-0.03758101586363819,-0.04089161131341563,-0.06250803680120938,-0.07800890156871126,0.045387419586377827,-0.09246760384484819,-0.20650700680710185
2018-09-30,-0.017749252765762707,-0.012829205191548499,-0.0998029242057257,0.058859157720056975,0.0,0.0,-0.0927230461162484,-0.08195387262874995,-0.05850058968663107,-0.10950962079198143,-0.11900870431529444,0.05725675146077039,-0.1260584810049142,-0.16574839411231626
2018-10-31,0.053221467913428314,0.047177648029628254,-0.07126096839651147,-0.016358329543757877,0.0,0.0,-0.07812562030765204,-0.02950120733241609,-0.03649297701152135,-0.13092399870032823,-0.09013444345931217,0.04483864887633145,-0.12188918913658289,-0.2800755012925298
2018-11-30,0.058703081265683146,0.03706979120215849,-0.09385970240056198,0.03400730983538414,0.0,0.0,-0.014424034758298647,-0.05351422432444597,-0.03924871059126468,-0.10384478159516097,-0.11049954327923303,0.08054527233219123,-0.10499239469847496,-0.2692911537171427
2018-12-31,0.07517643877824108,0.04002077891031922,-0.08781993105390504,0.06529859761011013,0.0,0.0,-0.07326497788978467,-0.056161320699145846,-0.03614386843519287,-0.11815444488189092,-0.02232859357675342,0.08058818324932164,-0.10594728296385121,-0.23909558195148387
2019-01-31,0.0303898908974643,0.02121458141696335,-0.09435264745878152,0.06773399294432085,0.0,0.0,-0.09669111147976915,-0.05677893800502442,-0.033398927234445056,-0.07011862909386178,-0.0441279200600646,0.10044820474410082,-0.1065509790219343,-0.2781941776432698
2019-02-28,0.07620437480389591,0.033831974624201004,-0.0761385411671723,0.07142410770976385,0.0,0.0,0.12565151431627314,-0.07986282546909929,-0.05971178577309913,-0.1396374569905565,-0.004893430935217678,0.08703475450176586,-0.12157230969305906,0.12403692401589617
2019-03-31,0.08166620689371461,0.02007524546284345,-0.17557813085285995,0.07523427689499584,0.0,0.0,0.15488743770148145,-0.0593670937758273,-0.01373105499562186,-0.03593105598947299,0.008613549498127393,0.05227769959121563,-0.08617691528109146,0.23646133306274816
2019-04-30,0.11049771313379435,-0.02413374032024229,-0.10348987515486012,0.0879614065975753,0.0,0.0,0.15939627082239083,-0.05280965124929755,-0.02667831930101992,-0.08329775943935962,0.01560328299224003,0.023322577441512258,-0.11428778925222964,0.19852161429547815
2019-05-31,0.11830077732065351,-0.028631966699402323,-0.10950132200452799,0.10894402185431004,0.0,0.0,0.08776357739627409,-0.054114272021461435,-0.049250207840018385,-0.08216315776055926,-0.03160576019807973,0.022731503489158828,-0.1368741405066694,0.17011929290888494
2019-06-30,0.18138673270438602,-0.05989272031945539,-0.1671274943882421,0.1467240464968676,0.0,0.0,0.06542390700050987,-0.07152860654997355,-0.026157625945847512,-0.11994307259960345,-0.005623650611209086,-0.014928941341841336,-0.103516667683494,0.03774653435857017
2019-07-31,0.1609687635113774,-0.1323703377546199,-0.1731667673228345,0.1647531225556082,0.0,0.0,0.05035214207544377,-0.05692729226748904,0.009322756080492335,-0.11106379115538988,-0.025564908222622723,-0.0322429573909907,0.00872514147485352,0.07454202018827792
2019-08-31,0.17970160318566838,-0.048211860807864396,-0.18818195667596843,0.16785773367046,0.0,0.0,0.03909674322368582,-0.02853118527475743,0.03956555897244808,-0.08791773693536707,-0.06144176165784213,-0.018822983517104812,-0.0008004520537601501,-0.13987042402507335
2019-09-30,0.18854551250107845,-0.0917313734469355,-0.1130118630891609,0.1702310680481819,0.0,0.0,-0.11255502689280965,-0.04619186309669392,0.030957744584309898,-0.06858899413457364,-0.002845742291081671,-0.05218684625884726,0.025617555287872087,-0.09753641036845528
2019-10-31,0.2213326566415634,-0.12638805781940424,-0.1836181463826891,0.14416338283767283,0.0,0.0,-0.07393450950410907,0.006066203245718337,0.024960850347557975,0.04457412697387888,0.020453494304258156,-0.018571403697573527,0.0031840377176798993,-0.1327531305278946
2019-11-30,0.1193899730401526,-0.10840966431146536,-0.09695006057467401,0.09411200812846214,0.0,0.0,-0.10972636263220743,0.03512058351766617,0.03537521020898203,-0.05746754552411056,0.060837755527050154,-0.07218187517984273,-0.01767104233161364,-0.19275791902377326
2019-12-31,0.1983398437971441,-0.11270828398445581,-0.15686240403203,0.10482115407497337,0.0,0.0,-0.12707433894635553,0.0044844743084713175,-0.012642753198815058,-0.01911522683708853,-0.01665726444471997,-0.0459723916867035,-0.005798157741242476,-0.19552370694800023
2020-01-31,0.09106472151497062,-0.14540696505175915,-0.24589072570308854,0.11316419666010608,0.0,0.0,-0.12646357804092323,0.010476355025816592,0.04234731562868995,-0.02363986747025066,0.04248544370126969,-0.06989596047232327,0.03573230012789118,-0.053432570602910984
2020-02-29,0.14617251932930672,-0.09000949442898752,-0.14617181995730213,0.09326067378131561,0.0,0.0,-0.14939315815944804,0.047169855777063494,0.03539102043290935,0.01730925383709747,0.025102928029268317,-0.06013167918559006,-0.005637395272935427,-0.18425020180877577
2020-03-31,0.11215639064592056,-0.11529046930933733,-0.1422648350880988,0.11534328648716806,0.0,0.0,-0.10856177467970836,0.037731001055923565,0.016977997414901032,0.03172136602218235,0.04034383872822327,-0.05684155535813695,-0.022323235995003608,-0.2004442492153962
2020-04-30,0.08943083245387902,0.0007696492075662827,-0.11264495605898994,0.029549471224625777,0.0,0.0,-0.36094224737578745,-0.030256085081363796,0.05451374981531343,0.022274094745431693,0.0218450972652149,-0.05616250611147702,0.07062542264903889,-0.15098588801131177
2020-05-31,0.11156190547121571,-0.09784134032968067,-0.06983286227510468,0.15379696217815172,0.0,0.0,-0.11450627845569997,0.007865095780839798,0.05059701019792321,0.01039458587280801,0.11737493616478777,0.0022128950987446777,-0.0544029089352279,-0.20961321923981588
2020-06-30,0.06626846824921336,-0.08117765496048662,-0.11251235638130126,0.12201831155023678,0.0,0.0,-0.10525006510515371,0.008304392097994637,0.06108060225157139,-0.005913247548744052,0.13330770557081628,-0.03991774872238015,-0.033335663745856156,-0.23091378381624553
2020-07-31,0.12041042759387366,-0.0741745311641926,-0.09684021753818696,0.1048098363021761,0.0,0.0,-0.138406728665987,-0.023693998832684016,0.004808015402381186,0.017431956442898685,0.13072235284566006,0.029718331787501332,-0.06936767517942226,-0.18961592824503617
2020-08-31,0.11142325922064054,-0.09347956257672803,-0.12038256428122276,0.03138262709687721,0.0,0.0,-0.1327394589996884,0.007722207138450228,-0.015414201331307864,0.0703252186687187,0.10813531323524399,0.046696447400579114,-0.04481048039853005,-0.21748865965201306
2020-09-30,0.11636187144575677,-0.08234565565306891,-0.10347057215718466,0.02402591784020157,0.0,0.0,-0.1553361815092791,-0.012144681261065883,-0.015348028346148748,0.06681161901217873,0.09040144788993472,0.046830199659830894,-0.04572779908476498,-0.241196026140585
2020-10-31,0.10535582154120726,-0.07235396631096144,-0.10377097463750157,-0.008950587087218614,0.0,0.0,-0.15968169213938918,-0.02228730119195573,-0.08335948602052437,0.0010890769104578996,0.10033621181470884,0.13152404249857966,-0.033426273559058,-0.17786456628843766
2020-11-30,0.10497956004606278,-0.05640682510862981,-0.10419867676086889,-0.03236492762431346,0.0,0.0,-0.08143440784253092,-0.029863529327896692,-0.07443332247228159,-0.008743658048297819,0.13893223123145296,0.15967647240880503,-0.02311978334224169,-0.18584660578661832
2020-12-31,0.12291203151063934,-0.043147925324269296,-0.16549984830937692,-0.025309330825674055,0.0,0.0,-0.114076488534383,-0.02346852902315051,-0.03976892155352299,-0.0057089101455324335,0.2183308944106945,0.13269325064422688,-0.03187269454982895,-0.07721117516870114
2021-01-31,0.0550710884975481,0.00601333352027069,-0.10832766723175757,-0.0629710015900157,0.0,0.0,0.08838100948053837,-0.04860825476191185,-0.06575685388076578,0.05444993636519846,0.18124317745792998,0.1793018199615994,-0.05525736054555174,-0.09461849670691234
2021-02-28,0.07623618064680768,0.016473230428517255,-0.08410513957672738,-0.1126353273969041,0.0,0.0,0.06323309152855723,-0.06864423268908547,-0.09331254694710543,0.023130488410636255,0.12335673998387273,0.10299797247444216,0.06482086554346993,-0.17105418437387435
2021-03-31,0.042462084271503414,0.03912408514959205,-0.1053488911296465,-0.07465108771962504,0.0,0.0,0.04930607742227982,-0.07931962612607152,-0.05605459665480393,0.0023904588687911066,0.10205100253551047,0.19067396473989606,0.10283563051739433,-0.15578249486488577
2021-04-30,0.09978336325936307,-0.014466504252179067,-0.12339189165057494,-0.11299188453391687,0.0,0.0,0.2341350010111279,-0.04768244331431569,-0.1161251743843919,0.019284579677011505,0.02960974265124786,0.1258321923098976,0.05061376768851209,-0.02608345526746149
2021-05-31,0.1584600808117143,-0.01635287691090724,-0.14802316787091482,-0.12937540919892598,0.0,0.0,0.08615209704197233,-0.02020776442597829,-0.11038244011994995,0.051621653948021436,-0.04663199977647237,0.07612033824244811,0.12012283531822178,-0.0365493363344735
2021-06-30,0.01817464723209849,-0.01150463709469405,-0.12872042336286488,-0.10222062174047557,0.0,0.0,0.2761131002862987,0.024571902714963723,-0.04549608536527659,0.06858683480256023,-0.06514700770284093,0.12899060409755173,0.10162314112162298,0.028850994478752248
2021-07-31,0.1276975866890727,-0.008863926383891402,-0.12194804553998012,-0.1190191573146619,0.0,0.0,0.1525611460474964,-0.048931184612985845,-0.08874258726469436,-0.01796870722602561,-0.055585881069993515,0.10537960282256623,0.049365234913442885,0.10393694011518886
2021-08-31,0.08109284431695706,0.0879070063254777,-0.0520980951327463,-0.03885239963633213,0.0,0.0,0.23125381441620887,-0.08535506191774493,-0.07311104122253148,0.0024583263265822515,-0.058472427361530833,0.029750131192834133,0.08273092443578015,0.1769179277152741
2021-09-30,0.08793135325190862,0.03921726087892066,-0.09357158748660821,-0.017011025069574266,0.0,0.0,0.3762691081719921,-0.047926134856638075,-0.01840181112988572,0.02981503304749402,0.0006319068464130239,0.014116891569091636,0.02340312424718214,0.2517047634442917
2021-10-31,0.045967896533946645,0.09703777531502775,-0.0921244964903661,-0.02345882452255956,0.0,0.0,0.2999884173601531,-0.007794047303539148,0.04395070593294735,0.14682169666871123,-0.0008163995975272406,-0.02954851580219835,0.03746690326444798,0.1750243212085755
2021-11-30,-0.013458246678396388,0.02638327208369373,-0.062141880582817575,-0.04597328049381446,0.0,0.0,0.2896734916332827,-0.06750962366958124,0.003961281316736862,0.06812513556065686,-0.08747208530310728,-0.05861006431971766,0.017985755815780567,0.2587058825424147
2021-12-31,0.1272204752239515,0.023332771887642042,-0.07969883418829415,-0.024222675725569912,0.0,0.0,0.14981447461791564,-0.07965450088978102,0.016329953298373636,0.09687524595462887,-0.07508760645718333,-0.07903955220190162,-0.0076377282711708825,0.2410861812835872
2022-01-31,0.10431069404650599,-0.044502652131689864,-0.10434474338080744,-0.026060610125159846,0.0,0.0,0.13812854281517,-0.019272468171490652,0.04198552984774431,0.13270723609328972,-0.04747130875981867,-0.10470132563720129,-0.003777306227689386,0.23273758276343293
2022-02-28,0.01499157530082768,-0.009389297650835975,-0.014991668235199677,0.04264723735244439,0.0,0.0,0.21682247851110065,-0.017522137380494525,-0.0008960689246502277,0.1374912347751139,0.01009316234342432,-0.09814365049989578,-0.07574230236230049,0.3612691866637124
2022-03-31,0.025141449375587804,-0.06112581345762378,-0.023307299774473222,-0.02406788291637721,0.0,0.0,0.18209189723015368,-0.026012638221138928,0.04172203341848462,0.05627552819963668,0.03082033049668064,-0.06360552812462088,-0.12254071475171546,0.34328888403350705
2022-04-30,0.05244388269431091,-0.03851542362723185,-0.06607970433551796,-0.009513515720453539,0.0,0.0,0.20669103212529313,-0.02210045740487982,0.024518765369069766,0.10977121277991977,-0.012995571481020554,-0.09755764333542641,-0.13933394971505075,0.22047884141182547
2022-05-31,-0.08347872793387208,-0.005261188506725173,0.005950952166691032,0.04524738675681353,0.0,0.0,-0.05686319038961686,-0.007506407612616833,0.056295985235633915,0.1415342770181589,0.12561210600773742,-0.196790117735434,-0.1185640415176048,0.1568956191190953
2022-06-30,-0.025886161421093852,0.006699825967722925,-0.041730479240407244,0.015756328976937163,0.0,0.0,0.06553293738517625,-0.06578789879193868,0.014091025049514762,0.17674158432556755,0.12769181088763898,-0.20273768516420917,-0.09895893750267507,0.15838532528711824
2022-07-31,-0.030532682830023472,-0.0007114832633856154,-0.04160110516202784,0.013297914100729655,0.0,0.0,0.10785286372767446,-0.050603481661029334,0.02718184015155029,0.14924754383231473,0.05504611703489182,-0.2319843895115697,-0.10018466166801238,0.1917559170567908
2022-08-31,-0.015852317517152277,-0.04401966736027477,-0.03315078577402181,0.004768660052077472,0.0,0.0,0.17043877714183361,-0.015140013958996048,0.050635457157812314,0.1286763853188799,0.06776558101204196,-0.21083370623419914,-0.09132107167323672,0.16739757679947415
2022-09-30,-0.06809192148490532,-0.034703513637199215,-0.022061291383782565,-0.028318162240221836,0.0,0.0,0.09867044723481758,-0.07627687886800717,0.0011533798339282068,0.1502367184182145,0.023968146667353748,-0.25796596645946956,-0.12673862518925785,0.1118149485828425
2022-10-31,-0.0637070150946062,-0.029989326672220488,-0.03336304755108983,-0.0270325682156266,0.0,0.0,0.020858806792655112,-0.07182854759467958,0.02202157496650035,0.14272706370157903,0.07653491564629639,-0.2674397275962479,-0.1492339755708281,0.09526343059767027
2022-11-30,-0.09724827544676924,0.008773602382323761,0.0038755088683885813,0.010747891394197443,0.0,0.0,0.11707417281130916,-0.04202329674693627,0.045499819313072225,0.09704614842728403,0.014806231788052559,-0.2677328741162378,-0.19778183269233246,0.09739034601309657
2022-12-31,-0.030949011234391654,0.04823670590588271,-0.0029261173685055874,-0.007301824846443834,0.0,0.0,0.08948817579784571,-0.059385155676730375,0.0787068161864301,0.16304855482384317,-0.004608036284019252,-0.2027914387074073,-0.16212151348130321,0.15043664968719703
2023-01-31,-0.0005636638427016235,0.09488989642062208,-0.026072804530531457,0.012662135928906311,0.0,0.0,0.113818791879029,-0.13930068072387097,-0.035216087630123155,0.16064828716440888,-0.11364522067649249,-0.10725191735451788,-0.09434972692878056,0.10158078692001554
2023-02-28,0.0039050575282157654,-0.02873794622455502,0.003864858404910952,-0.005715270043236307,0.0,0.0,-0.15903142844513624,-0.06744254004734788,0.14146060042602787,0.05674047270188389,0.07469715808887578,-0.25047686122909013,-0.16485845636228755,-0.04306935049843251
2023-03-31,0.02650584433315796,-0.017236652165095585,0.027891280643822295,0.011368167359024621,0.0,0.0,-0.14927947168982042,-0.06112613148502409,0.11040590213746208,0.04595431326607382,0.03630217794510639,-0.2627042991344893,-0.1065302953476798,-0.14469546449324355
2023-04-30,0.04186580074903778,0.015775889777461916,-0.0017897839416877637,0.03873355435269685,0.0,0.0,-0.16021659813139516,-0.08645893832027184,0.11321750422891781,0.03422750041103578,0.034283622989050716,-0.21446866847605967,-0.08290401671645355,-0.1760581219059311
2023-05-31,0.11258193187372231,-0.023958008357900535,-0.050171927605849646,-0.048545334011742006,0.0,0.0,0.06981704254387028,-0.09051193605787357,0.14992026739370531,-0.12701902281609484,-0.07549225650158867,-0.07292981550951702,-0.15828621116819427,-0.02076624615994165
2023-06-30,0.08424903314292627,-0.009170243580062744,-0.01866571524262194,-0.015789551835686963,0.0,0.0,-0.0683717433801255,-0.017413253895548996,0.27550350739798773,-0.11440487541237726,-0.08527560315334255,-0.12058627812518107,-0.16729175096274412,-0.023278443871394983
2023-07-31,0.09561801218199202,-0.010361866177887013,-0.014361373744022774,-0.015472676906697722,0.0,0.0,-0.1632771339297444,-0.08588797284879382,0.1751499487569946,-0.02464747415192767,0.003092542675230659,-0.003727907714158019,-0.1911369737209449,-0.21726611719160646
2023-08-31,0.059018290450178174,0.02442343769124958,0.03392181955669972,0.04019176341473915,0.0,0.0,-0.14889512100728478,-0.1952657213513567,0.03824858737505023,-0.10548033239961456,-0.0036788540914483095,0.09244010751883247,-0.17331430045998972,-0.08512166468355661
2023-09-30,0.07503366461513296,-0.006933088349849505,0.09246716557564534,-0.051730969726422896,0.0,0.0,-0.05949407991798483,-0.15914066903987795,0.024736695631408723,-0.16150895893054143,-0.018621398751345043,0.049660139351012704,-0.13065225231087402,-0.17002091779990464
2023-10-31,0.0979441746679522,-0.07862461206186269,0.08109646309641039,0.015300143690741523,0.0,0.0,-0.18067843958375257,-0.007371145897659539,-0.06420104470160244,-0.1465135932381906,0.0020788368271951975,0.058500792260655146,-0.07620407141437195,-0.1914866825596057
2023-11-30,0.14233353925693942,-0.048010714898168806,0.07393175833358492,-0.012534287886591597,0.0,0.0,-0.20459368436658934,-0.0196056916346845,-0.09390142472267647,-0.10245888776234488,0.12020271845317945,0.13010081086232156,0.021378360788827485,-0.03094812103409157
2023-12-31,0.06932910385198233,-0.06635547106943827,0.09470014648019992,0.012332674272147856,0.0,0.0,-0.1237358679086087,-0.028688062459952365,-0.09935556171350703,-0.13525544226119798,0.09676170172837767,0.021618671195292948,0.06910531371834606,-0.1827619833409488
2024-01-31,0.08273584170242511,-0.09830967131072303,0.11226319775685306,-0.0166613324104779,0.0,0.0,-0.22468089857526027,0.014728546524931118,-0.0966291807613291,-0.07901123845061288,0.1030444409106135,0.03952076965887588,0.06636736346049972,-0.0660475184773983
2024-02-29,0.03314742851605149,-0.04992538183267908,0.0022715973789378713,-0.015768305801877578,0.0,0.0,-0.1862367634792735,-0.024911584122367665,-0.19007988103536552,-0.11241091687765355,0.08809940350659434,0.10732615903439917,0.025529323174073436,-0.1642932552407268
2024-03-31,0.047798796025360885,-0.031186082523092785,0.04712712401513854,-0.007951188523296378,0.0,0.0,-0.17345996292435373,-0.061132824280706766,-0.16030589435378453,-0.14910748345120123,0.032378482224618595,0.08513485326191961,0.013496958876606938,-0.19092034953991993
2024-04-30,0.039432000004983536,-0.11046212078789121,0.037890061774248356,0.04732173139535141,0.0,0.0,-0.21482189984179995,-0.056787458447982324,-0.19032200999103432,-0.09294639029974097,0.010549017748805185,0.027364657546619882,0.03491496180941652,-0.13718769035212636
2024-05-31,0.0389602260670515,-0.13813533101118716,0.03914273229624488,0.037035665836614544,0.0,0.0,-0.23160781867204505,-0.001764649627235741,-0.1986823613102877,-0.02262268527076574,0.049818990679593014,-0.026305293798525854,0.10142708809542596,-0.11449715733502297
2024-06-30,-0.04348710215578873,-0.048985363699706026,-0.07980935232976576,-0.04551735460918441,0.0,0.0,-0.2746361980075083,0.11355609414432993,-0.08962350788486194,0.042923551017793445,-0.039518611020055196,-0.10791499947441424,0.033352469972468636,0.08067539568412326
2024-07-31,-0.022459871187348587,-0.14338040402043725,-0.011250874838301287,-0.007789842993510767,0.0,0.0,-0.25467220470010354,0.11219629954481776,-0.06796861980021937,0.028787109660578028,0.012911819915311396,-0.24347487964523937,0.07557694154567031,0.01953113214846225
2024-08-31,0.010677509770207746,-0.08655692860820524,-0.05194302330696761,-0.03484935985653592,0.0,0.0,-0.2899679421037391,0.020300308533567003,-0.025249208514886125,0.13171548810049075,-0.019956822080589562,-0.21702583659521799,0.0674228334734166,-0.04433473905617635
2024-09-30,-0.04441775012372011,-0.00420000442941384,-0.10685175829292345,-0.015340777730418932,0.0,0.0,-0.21915708110225823,0.04360565720006535,0.06056523040220017,0.1706375157113505,-0.050606045879216605,-0.21809647706344257,0.06565118702856344,-0.0008705150364268436
2024-10-31,-0.0604077355747159,-0.03204165346640394,-0.12589712637587502,-0.06782183379135275,0.0,0.0,-0.036984259520222135,-0.02354353924700355,0.09951105662919038,0.11964187135148376,-0.08998729371855176,-0.20365135374046178,0.03885492999986525,0.10165734658487377
2024-11-30,-0.07927746085958676,-0.017860510755290927,-0.10132427960446702,-0.03750873391886609,0.0,0.0,0.041949679729744324,-0.046590304674866495,0.09720384951223111,0.08306644497155359,-0.11365780708337357,-0.18379584087093864,0.0058500182168880486,0.19191506980219328
2024-12-31,-0.06071302491623887,0.023218386728588437,0.005163144673259647,-0.02649272973515635,0.0,0.0,0.11044364756696566,-0.0032148182021019935,0.11250034555976228,0.07011080402313452,-0.13263068251577942,-0.16114332096316622,-0.0794769046285219,0.21489219048732483
2025-01-31,-0.06906904418915065,0.01828329496482846,-0.05908420472877387,-0.008840659281088258,0.0,0.0,0.03718289385840452,-0.0293638993597252,0.11051862074526682,0.06323859598985886,-0.17184575320204493,-0.16790299407960924,-0.08099627489517304,0.1836737647060761
2025-02-28,-0.10912739580930458,0.039223243909117654,-0.07854838490657473,-0.0019716640063926986,0.0,0.0,0.010307747503302196,-0.036196089327156275,0.07906213593372385,0.04660144349300388,-0.18829791596232873,-0.17964830042029017,-0.014867982250926174,0.21614769647787907
2025-03-31,-0.08595835879861162,-0.01576790055830941,-0.07962502126066116,0.0021983883657094054,0.0,0.015880005280152782,-0.052266783985862965,-0.0315531520124607,0.0766746928789684,0.06557514814625766,-0.14983306370467492,-0.08267393024351401,-0.09549640927576869,0.24649714548904827
2025-04-30,-0.051461102995440676,0.07149320124564054,-0.06258827276989631,-0.009019508159396604,0.0,0.04445260787934031,-0.1881230654078016,-0.08135732955970354,0.11129429275376673,0.025812819372668005,-0.107313552649678,-0.0798159581727406,-0.1580029960093106,0.009265293024616376
2025-05-31,-0.056539050860874705,0.08387333893273648,-0.012812443485269104,0.0013437829410679646,0.0,0.06491965429775919,-0.11101140771597044,-0.05733411731875942,0.08146088756846333,0.013047796748621495,-0.11609779181428595,-0.04999662580717957,-0.18586195010885825,0.16570115240015415
2025-06-30,0.021070428330118733,0.004794133042449824,0.010621485220775462,0.021645224058703515,0.0,0.11197185872666474,0.14817281231599116,-0.18909330468866217,0.0015426646136882996,-0.13741731309665536,-0.09352085769001586,0.06674002462653222,-0.07023459745935812,0.1231752961303844
2025-07-31,-0.011139013724508439,0.07567023559311016,-0.01640778034648597,-0.003884768224534202,0.0,0.091490610732214,0.041998993703041596,-0.1519811004318999,0.04048997573676614,-0.09460261057042633,-0.17853493189945158,-0.015333474274532433,-0.07103216338447736,0.20743434137855168
2025-08-31,-0.06945761490716332,0.0008992668279813999,0.029662073194170403,0.0044071483402033295,0.0,0.0920418515852812,-0.09318232771830548,-0.09728846036177395,0.018144028462997022,-0.13619185078672244,-0.07620718390799705,0.036228472240605485,-0.024744610768727714,0.32154511089807114
2025-09-30,-0.01229770193898729,0.01565044117263477,0.009378518079949839,0.01138605880437029,-0.6847375109271902,0.03628750291089474,0.002699363659921134,-0.030693116643472813,-0.016845780306869333,-0.04652625926267817,-0.02836999855449292,0.021462403131069275,-0.0035605909667245426,0.08010475364074474
2025-10-31,-0.020022101451198707,0.0167706222785686,0.026565339244927384,0.04035581471459305,-0.49721254349480826,0.0282496078551851,-0.04814478494121874,-0.05787707184246636,-0.04173059144776652,-0.06155511341254504,0.007637483958839974,0.04369065161900082,0.006586032376860479,0.10360224136202094
2025-11-30,-0.051948039055902194,-0.011878948542788162,0.05684968752674364,0.04820706677272624,-0.15641380785586234,0.03514058800471983,-0.10897347101163352,-0.09569101565853162,-0.06350723375520688,-0.04425421537729917,0.033629182295585244,0.04667842911938618,-0.031039609416124356,0.21578870560749075
2025-12-31,-0.045508762012139166,-0.0008241931395162544,0.056917499724082964,0.05301017582353176,-0.48125005363586826,0.008021034315557991,-0.04375834101334508,-0.036127508869804766,-0.029211461081685566,-0.07034840857778199,0.029755834821138468,-0.04000714639592716,0.03973942558570145,0.06552015500391889
2026-01-31,-0.025322277461378814,-0.022501388143154125,0.038215534754620015,0.02715874308064858,-0.4018090812356726,0.04073324378537192,-0.0959990756625263,-0.043767465625144907,-0.033815267665724034,-0.06869301998222661,0.0395210101128464,0.022852461688885623,0.0072046705360180084,0.13240676026578221
2026-02-28,-0.04067210555261054,-0.013152211259286456,0.04709180681674421,0.05251557268502189,-0.18585269944805993,0.0917806287573168,-0.1245815374933675,0.00560463446325099,-0.029077277902106347,-0.07424704004312427,0.0336323280627726,0.056589719605818684,0.0373127164978071,0.20788972141271292
2026-03-31,-0.023735683217574865,-7.99437977617947e-05,0.06505807599209006,0.07233062191113793,-0.14657494429636278,0.1084538732483263,-0.20145292591227973,-0.03242794159241228,-0.03227601019224776,-0.05286592787805767,0.07777844359489287,0.004208779826013513,0.033671443375612065,0.14908538516523065
2026-04-30,-0.0228707390574875,0.015696743644248553,0.06845827247782178,0.06333340845341931,-0.17012940814767655,0.06951656681418057,-0.1567439163372531,-0.03781716621366223,-0.0381997960125592,-0.07336158859976483,0.06804738281166738,-0.0013701729409976407,0.038827213696035444,0.17562762479322602
2026-05-31,-0.007409902391469728,0.007128132128853138,0.07186192876379842,0.09237163974118541,-0.060211427957779666,0.0796373805565636,-0.16927058759538235,-0.027736795955053895,-0.0722973403728133,-0.06980444237874384,0.03961680026465542,0.001123586880460349,0.08530002617323078,0.21623000884001004
2026-06-30,-0.04071596846049233,-0.014349601355610694,0.09973965016681205,0.05822573614881741,-0.16344831350972874,0.03684996206527561,-0.1715936726594427,-0.030202319257735137,-0.0773401987869046,-0.06845742882733698,0.058878333707475805,0.025688133777150304,-0.013854785044169496,0.14065589623304822
2026-07-31,-0.0318143543188734,-0.01775454491836,0.10329502988501826,0.06748880590364581,-0.16022905589673425,0.021696133682789925,-0.1317631808203167,-0.02505013382622543,-0.06970969405353569,-0.045455163982355155,0.04050760116037565,0.02183090118376906,-0.008311890324298342,0.25509351004370207
